Pitcher,Pitch_Val_Acc,Vertical_Val_Acc,Horizontal_Val_Acc,Pitch_Test_Acc,Vertical_Test_Acc,Horizontal_Test_Acc
blake_snell,0.7241148948669434,0.7511690258979797,0.6863727569580078,0.6880427598953247,0.6923847794532776,0.7406479716300964
corbin_burnes,0.7128242254257202,0.7432276606559753,0.6723343133926392,0.6687319874763489,0.7255043387413025,0.7524495720863342
dylan_cease,0.7566047310829163,0.7309704422950745,0.7490190863609314,0.7409441471099854,0.7337517738342285,0.7242055535316467
gerrit_cole,0.6929824352264404,0.7490336298942566,0.7481415271759033,0.735206663608551,0.668748140335083,0.7481415271759033
