Pitcher,Pitch_Val_Acc,Vertical_Val_Acc,Horizontal_Val_Acc,Pitch_Test_Acc,Vertical_Test_Acc,Horizontal_Test_Acc
blake_snell,0.5450901985168457,0.7035738229751587,0.697060763835907,0.7039077877998352,0.38226452469825745,0.6930527687072754
corbin_burnes,0.5250720381736755,0.7521613836288452,0.6618155837059021,0.6615273952484131,0.5182996988296509,0.7485590577125549
dylan_cease,0.5003923773765564,0.6670154333114624,0.6905571818351746,0.6917745471000671,0.3562181293964386,0.6538512110710144
gerrit_cole,0.5175438523292542,0.6882247924804688,0.7096342444419861,0.6813856959342957,0.5072851777076721,0.6793041825294495
