Pitcher,Pitch_Val_Acc,Vertical_Val_Acc,Horizontal_Val_Acc,Pitch_Test_Acc,Vertical_Test_Acc,Horizontal_Test_Acc
blake_snell,0.6244155168533325,0.6795257329940796,0.6489645838737488,0.6511356234550476,0.6260855197906494,0.6646626591682434
corbin_burnes,0.5909221768379211,0.7010086178779602,0.599855899810791,0.6076368689537048,0.5985590815544128,0.6923630833625793
dylan_cease,0.6348417401313782,0.619278073310852,0.6534135341644287,0.6603897213935852,0.6271740794181824,0.6168432235717773
gerrit_cole,0.6208742260932922,0.6101694703102112,0.640350878238678,0.6312816143035889,0.6184954047203064,0.6216176152229309
