Pitcher,Pitch_Val_Acc,Vertical_Val_Acc,Horizontal_Val_Acc,Pitch_Test_Acc,Vertical_Test_Acc,Horizontal_Test_Acc
blake_snell,0.5121910572052002,0.7145958542823792,0.6935537457466125,0.6918837428092957,0.4061456322669983,0.6975618004798889
corbin_burnes,0.5246397852897644,0.7531700134277344,0.6642651557922363,0.6792507171630859,0.5409221649169922,0.7475504279136658
dylan_cease,0.49346062541007996,0.6604760885238647,0.7070363759994507,0.6985746026039124,0.4834575653076172,0.6598666310310364
gerrit_cole,0.5115967988967896,0.6822777390480042,0.7072554230690002,0.6877787709236145,0.49747249484062195,0.6815343499183655
